individual	SVLcorr	HILcorr	HWcorr	EDcorr	SEDcorr	relPMS	PPM	LCDS	LCVS
A_FGZC983	1.44	1.14	0.73	0.22	0.86	47.22	5	228	105
A_FGZC987	1.48	1.15	0.74	0.23	0.89	27.54	5	204	105
A_FGZC988	1.48	1.16	0.75	0.25	0.87	24.28	5	239	107
A_FGZC989	1.44	1.15	0.75	0.27	0.86	19.79	6	221	93
A_FGZC990	1.46	1.16	0.76	0.28	0.87	25.87	5	241	115
A_FGZC676	1.48	1.15	0.78	0.30	0.89	15.45	6	232	103
A_FGZC722	1.44	1.17	0.77	0.29	0.88	43.03	5	233	104
A_FGZC815	1.46	1.12	0.75	0.28	0.88	28.02	4	234	107
A_FGZC878	1.50	1.11	0.75	0.27	0.87	34.93	5	232	100
A_FGZC890	1.50	1.18	0.81	0.19	0.88	31.20	5	222	104
B_FGZC673	1.49	1.19	0.76	0.29	0.88	25.51	5	230	105
G_APR7587	1.43	NA	0.75	0.27	0.89	37.23	5		94
D_FGMV2000155	1.45	1.19	0.74	0.26	0.86	29.05	5	240	102
D_FAZC10496						45.13	5	271	111
D_FAZC10498						29.82	5	252	117
D_FAZC10499						36.96	6	258	113
D_FAZC10501						27.64	5	267	112
D_FAZC10503						37.86	5	254	110
D_FAZC10504								241	107
D_MRSNR1921						48.23	5	252	102
D_MRSNR1922						38.58	5	255	103
D_ZCMV13727	1.47	1.09	0.73	0.29	0.87	50.40	5	241	103
D_ZCMV13730	1.45	1.14	0.70	0.26	0.85	35.36	5	254	106
D_ZCMV13735	1.51	1.11	0.74	0.25	0.87	35.52	5	247	104
D_ZCMV13737	1.40	1.09	0.74	0.26	0.88	36.31	5	249	104
Ia_MV2001300	1.47	1.19	0.74	0.33	0.89	38.84	7	245	102
Ia_ZCMV14172	1.46	1.12	0.76	0.29	0.87	33.32	5	261	103
Ia_FGZC5727	1.48	1.24	0.75	0.30	0.91	40.85	6	260	112
Ic_ZCMV14165	1.47	1.18	0.77	0.31	0.88	33.73	5	262	104
Ia_ZCMV14173	1.52	1.13	0.74	0.26	0.86	37.04	5	256	105
Ia_FGZC5701	1.46	1.11	0.74	0.32	0.88	36.63	6	232	110
Ia_FGZC5705	1.50	1.13	0.76	0.30	0.89	32.71	6	269	121
Ia_FGZC5706	1.47	1.17	0.75	0.28	0.88	34.96	5	253	107
Ia_ZSM4912001	1.51	1.15	0.76	0.25	0.88	49.52	5	247	101
Ia_MV2001301	1.45	1.19	0.74	0.32	0.87	31.74	6	243	104
Ia_MV2001305	1.50	1.14	0.75	0.30	0.87	33.35	5	234	102
Ia_MVTIS33473						35.40	5	237	94
Ia_MVTIS33488						33.27	5	241	99
Ia_MVTIS33491						31.67	5	242	99
Ia_MVTIS33495						37.60	5	247	104
Ia_MVTIS33493						37.49	5	231	105
Ia_MVTIS33464						38.22	5	237	98
Ia_MVTIS33487						36.65	5	246	96
Ia_MVTIS33492						28.84	5	239	93
Ia_MVTIS33497						35.56	6	245	103
Ia_MVTIS33480						39.02	5	256	98
Ia_MVTIS33474						34.52	5	225	100
Ia_ZCMV15711	1.43	1.14	0.76	0.22	0.86	28.48	5	266	107
Ia_ZCMV15715	1.45	1.11	0.76	0.27	0.88	30.66	6	253	103
H_ZCMV15707	1.49	NA	0.75	0.26	0.87	33.83	5	243	98
H_ZCMV15706						36.32	5	229	105
H_APR7588	1.49	NA	0.74	0.36	0.89	18.86	5	262	106
H_APR7501	1.39	NA	0.75	0.31	0.88	21.04	5	206	103
C_ZSM2972018	1.47	1.26	0.71	0.19	0.87	25.12	5	238	115
C_ZCMV15818	1.51	1.21	0.70	0.22	0.87	21.29	5	222	111
C_ZCMV15851	1.50	1.25	0.74	0.22	0.87	29.42	5	240	113
C_ZCMV15886	1.48	1.17	0.72	0.26	0.86	15.09	5	233	110
F_ZSM2962018	1.25	1.11	0.73	0.22	0.86	28.66	5	224	104
F_FGZC12011	1.45	1.07	0.72	0.26	0.86		5	253	102
F_FGZC12012	1.41	1.13	0.73	0.25	0.87	42.26	4	258	104
F_FGZC12040	1.44	1.11	0.73	0.30	0.84	38.90	6	252	100
F_FGZC12041	1.37	1.14	0.73	0.27	0.85	42.71	5	239	103
F_FGZC12042	1.41	1.11	0.72	0.26	0.86	61.68	6	245	101
F_ZCMV15811	1.46	1.18	0.72	0.28	0.86	50.72	5	232	99
F_ZCMV15840	1.51	1.11	0.72	0.25	0.87	25.67	5	239	104
F_ZCMV15860	1.53	1.11	0.74	0.23	0.87	39.12	6	239	111
F_ZCMV15856	1.48	1.12	0.72	0.19	0.83	38.68	5	233	104
E_ZCMV15717	1.51	1.16	0.80	0.24	0.89	40.18	5	273	112
E_ZCMV15727	1.50	1.17	0.78	0.30	0.90	32.35	6	256	109
E_ZCMV15728	1.48	1.17	0.80	0.25	0.89	32.61	6	263	116
